family,Mono,Bltc,Sp_D,Sp_L,Maze,St_H,St_D,St_V,Sddl,Eyes,Area
Acanthoclinidae,0,0,0,0,0,0,0,1,0,0,1
Acanthuridae,1,1,1,1,1,1,1,1,0,1,1
Acestrorhynchidae,1,1,0,0,0,1,0,0,0,1,0
Achiridae,1,1,1,1,1,0,0,1,0,0,0
Achiropsettidae,1,0,0,0,0,0,0,0,0,0,0
Acipenseridae,1,0,0,1,0,1,0,0,0,0,0
Acropomatidae,1,1,0,0,0,1,0,1,0,0,0
Adrianichthyidae,1,1,1,0,0,1,0,1,0,0,0
Agonidae,1,1,1,0,1,1,0,1,1,0,1
Akysidae,1,1,0,1,0,0,0,1,1,0,1
Albulidae,1,0,0,0,0,0,0,0,0,0,0
Alepisauridae,1,0,0,0,0,1,0,0,0,0,0
Alepocephalidae,1,1,0,0,0,0,0,0,0,0,0
Alestidae,1,0,1,1,0,1,0,1,0,1,0
Alestiidae,1,0,1,0,0,1,0,0,0,1,0
Alopidae,1,0,0,0,0,0,0,0,0,0,0
Alopiidae,1,0,0,0,0,0,0,0,0,0,0
Ambassidae,1,0,0,0,0,1,0,1,0,1,0
Amblycipitidae,1,0,0,1,0,1,0,0,0,0,0
Amblyopsidae,1,0,0,0,0,1,0,0,0,0,0
Amiidae,0,1,0,1,1,0,0,0,0,1,0
Ammodytidae,1,0,1,0,0,0,0,0,0,0,0
Amphiliidae,1,1,1,0,1,1,0,1,1,0,0
Anabantidae,1,0,1,1,1,1,0,1,0,1,0
Anablepidae,0,0,1,0,0,1,0,0,0,0,0
Anacanthobatidae,1,0,0,0,0,0,0,0,0,0,0
Anarhichadidae,0,1,1,0,1,0,0,1,0,0,0
Anarhichantidae,0,0,1,0,0,1,0,0,0,0,0
Anchariidae,1,1,0,1,0,0,0,0,0,0,0
Anguillidae,1,1,0,0,0,0,0,0,0,0,0
Anomalopidae,1,0,0,1,0,0,0,0,0,0,1
Anoplogastridae,1,0,0,0,0,0,0,0,0,0,0
Anoplopomatidae,0,1,0,0,1,0,0,1,1,0,1
Anostomidae,1,1,1,0,1,1,1,1,0,1,1
Anotopteridae,1,0,0,0,0,0,0,0,0,0,0
Antennariidae,1,1,1,1,1,0,1,0,1,1,1
Aphredoderidae,1,0,0,0,0,0,0,0,0,0,0
Aphyonidae,1,0,0,0,0,0,0,0,0,0,0
Apistidae,1,1,0,0,0,0,0,0,0,1,0
Aploactinidae,1,1,1,1,0,1,0,1,0,0,1
Aplocheilidae,1,1,1,1,1,1,0,1,0,0,0
Aplodactylidae,0,1,1,1,1,0,0,0,1,0,0
Apogonidae,1,1,1,1,1,1,1,1,0,1,1
Apteronotidae,1,1,0,0,0,1,0,0,0,0,0
Aracanidae,0,0,1,1,1,1,0,0,0,0,1
Arapaimidae,1,0,0,0,0,0,0,0,0,0,0
Argentinidae,1,0,0,0,0,1,0,1,1,0,0
Arhynchobatidae,1,1,1,1,1,0,0,0,0,1,0
Ariidae,1,1,0,0,0,1,0,1,0,0,1
Ariommatidae,1,0,1,0,0,0,0,0,0,0,0
Arripidae,1,0,1,0,0,0,0,1,0,0,0
Artedidraconidae,1,1,1,1,1,1,0,0,1,0,0
Aspredinidae,1,1,0,1,0,1,0,0,1,0,0
Astroblepidae,1,1,0,0,0,0,0,0,0,0,0
Astronesthidae,1,0,0,0,0,0,0,0,0,0,0
Ateleopodidae,1,1,1,0,0,0,0,0,0,0,0
Atherinidae,1,0,0,0,0,1,0,0,0,0,0
Atherinopsidae,1,0,0,0,0,1,0,0,0,0,1
Auchenipteridae,1,1,1,1,1,1,0,0,1,1,1
Aulopidae,0,1,1,0,0,0,0,0,1,0,0
Aulorhynchidae,0,0,0,1,0,0,0,1,0,0,0
Aulostomidae,1,0,1,1,0,1,0,1,0,0,1
Austroglanididae,0,1,0,0,0,0,0,0,0,0,0
Badidae,1,0,1,0,0,0,0,1,0,1,0
Bagridae,1,1,1,1,0,1,1,1,1,1,1
Balistidae,1,1,1,1,1,1,1,1,1,1,1
Balitoridae,1,1,1,1,1,1,1,1,1,0,0
Banjosidae,0,1,0,0,0,1,0,0,0,0,0
Barbourisiidae,1,0,0,0,0,0,0,0,0,0,0
Barbuccidae,0,0,0,0,0,0,0,1,0,0,0
Bathyclupeidae,1,0,0,0,0,0,0,0,0,0,0
Bathydraconidae,1,1,1,0,0,0,1,0,1,0,0
Bathylagidae,1,1,0,0,0,0,0,0,0,0,1
Bathymasteridae,1,1,0,1,1,0,0,1,0,0,0
Bathypteroidae,1,0,0,0,0,0,0,1,0,0,1
Bathysauridae,1,0,0,0,0,0,0,1,0,0,0
Batrachoididae,1,1,1,1,1,0,0,1,1,0,1
Bedotiidae,1,1,1,0,1,1,0,0,0,0,0
Belonidae,1,0,1,0,0,1,0,0,0,0,1
Belontiidae,1,0,1,1,1,1,1,1,0,1,0
Bembridae,1,1,0,0,0,0,0,0,1,0,0
Berycidae,1,0,0,0,0,0,0,0,0,0,0
Blenniidae,1,1,1,1,1,1,1,1,1,1,1
Bothidae,1,1,1,1,0,0,0,1,0,1,0
Bovichtidae,1,1,0,0,0,0,0,0,1,0,0
Brachaeluridae,1,0,0,0,0,0,0,1,0,0,0
Brachionichthyidae,1,0,1,0,0,0,0,0,0,0,0
Bramidae,1,1,0,0,0,1,0,0,0,0,0
Branchiostegidae,1,1,0,0,0,0,0,1,0,0,0
Branchiostomidae,1,0,0,0,0,0,0,0,0,0,0
Bregmacerotidae,1,1,0,0,0,0,0,0,0,0,0
Bryconidae,1,0,1,0,0,1,0,0,0,1,0
Bythitidae,1,1,1,0,0,1,0,0,0,0,0
Caesionidae,1,0,0,0,0,1,0,0,0,0,1
Callanthiidae,1,0,0,0,0,0,0,0,0,0,1
Callichthyidae,1,1,1,1,1,1,1,1,1,1,1
Callionymidae,1,1,1,1,1,0,0,1,1,1,0
Callorhinchidae,1,1,0,0,0,0,0,0,0,0,0
Caproidae,1,0,0,0,0,0,0,1,0,0,0
Caracanthidae,1,0,1,0,1,0,0,0,0,0,0
Carangidae,1,1,1,1,0,1,1,1,0,1,1
Carapidae,1,1,1,0,0,1,0,1,0,0,0
Carcharhinidae,1,0,0,0,1,0,0,0,0,0,1
Caristiidae,1,0,0,0,0,0,0,1,0,0,0
Catostomidae,1,1,1,0,0,1,1,0,1,0,0
Caulophrynidae,1,0,0,0,0,0,0,0,0,0,0
Centrarchidae,0,1,1,1,1,1,1,1,1,1,1
Centriscidae,1,1,1,0,0,1,1,1,0,0,0
Centrogenyidae,0,1,0,0,1,0,0,0,0,0,0
Centrolophidae,1,1,1,0,1,0,0,0,0,1,0
Centrophoridae,1,0,0,0,0,0,0,0,0,0,0
Centrophrynidae,1,0,0,0,0,0,0,0,0,0,0
Centropomidae,1,1,0,0,0,1,0,1,0,0,0
Cepolidae,1,0,1,0,0,0,0,0,0,1,0
Ceratiidae,1,0,0,0,0,0,0,0,0,0,0
Ceratodontidae,0,0,1,0,0,0,0,0,0,0,0
Cetomimidae,1,0,0,0,0,0,0,0,0,0,0
Cetopsidae,1,1,1,0,0,1,0,0,0,0,0
Cetorhinidae,1,0,0,0,0,0,0,0,0,0,0
Chacidae,1,1,0,0,0,0,0,0,0,0,0
Chaenopsidae,1,1,1,1,1,1,0,1,1,0,1
Chaetodontidae,1,0,1,1,0,1,1,1,1,1,1
Champsodontidae,1,1,1,0,0,0,0,0,1,0,0
Chanidae,1,0,1,0,0,0,0,0,0,0,0
Channichthyidae,1,1,1,0,1,0,0,1,1,0,0
Channidae,1,1,1,1,1,1,1,1,1,1,0
Characidae,1,1,1,0,0,1,1,1,0,1,1
Chaudhuriidae,1,0,0,0,0,0,0,0,0,0,0
Chaunacidae,1,1,1,1,1,0,0,0,0,0,0
Cheilodactylidae,1,1,1,1,0,0,1,1,1,0,0
Cheimarrichthyidae,0,0,0,0,0,0,1,0,1,0,0
Chiasmodontidae,1,1,0,0,0,0,0,0,0,0,0
Chilodontidae,1,0,1,0,0,1,0,0,0,1,0
Chimaeridae,1,1,0,1,1,1,0,0,0,0,0
Chirocentridae,1,0,0,0,0,0,0,0,0,0,0
Chironemidae,0,1,1,1,1,0,0,0,1,0,0
Chlamydoselachidae,1,0,0,0,0,0,0,0,0,0,0
Chlopsidae,1,1,1,0,0,0,0,0,0,0,1
Chlorophthalmidae,1,1,1,0,1,0,0,0,0,0,0
Cichlidae,1,1,1,1,1,1,1,1,1,1,1
Cirrhitidae,1,1,1,1,1,1,0,1,1,1,1
Citharidae,1,0,0,0,0,0,0,0,0,0,0
Citharinidae,1,0,0,0,0,0,0,0,0,0,0
Clariidae,1,1,1,1,0,1,0,0,0,0,0
Claroteidae,1,1,1,0,0,1,0,1,1,0,0
Clinidae,1,1,1,1,0,1,0,1,1,1,0
Clupeidae,1,1,1,0,0,1,0,0,0,1,1
Cobitidae,1,1,1,1,1,1,1,1,1,1,1
Colocongridae,1,0,0,0,0,0,0,0,0,0,0
Congiopodidae,0,0,1,0,0,0,0,0,0,0,0
Congridae,1,1,1,1,1,1,0,1,0,1,0
Congrogadidae,0,0,1,0,0,0,0,0,0,0,0
Coryphaenidae,1,1,1,1,1,0,0,1,0,0,0
Cottidae,1,1,1,1,1,0,1,1,1,0,1
Cottocomephoridae,0,1,0,0,0,1,0,0,1,0,0
Cranoglanididae,1,1,0,0,0,0,0,0,0,0,0
Creediidae,1,0,1,0,0,1,0,0,1,0,0
Crenuchidae,1,1,1,0,0,1,0,1,1,1,0
Cryptacanthodidae,1,0,1,0,0,0,0,0,0,0,0
Ctenoluciidae,1,1,1,0,0,1,1,0,0,1,0
Curimatidae,1,1,1,0,0,1,0,1,0,1,1
Cyclopteridae,1,1,1,1,1,0,0,0,0,1,1
Cynodontidae,1,0,0,0,0,0,0,0,0,0,0
Cynoglossidae,1,1,1,1,1,0,0,1,0,0,1
Cyprinidae,1,1,1,1,1,1,1,1,1,1,1
Cyprinodontidae,1,1,1,1,1,1,0,1,1,0,1
Cyttidae,1,1,1,0,0,0,0,0,0,0,0
Dactylopteridae,0,1,1,1,0,1,0,0,0,0,1
Dactyloscopidae,0,1,1,1,1,1,0,1,1,0,0
Dalatiidae,1,0,0,0,0,0,0,1,0,0,1
Dasyatidae,1,1,1,1,1,0,0,0,0,0,0
Datnioididae,0,0,0,0,0,0,1,1,0,0,0
Denticipitidae,1,0,0,0,0,1,0,0,0,0,0
Derichthyidae,1,0,0,0,0,0,0,0,0,0,0
Diceratiidae,1,0,0,0,0,0,0,0,0,0,0
Dichistiidae,0,0,0,0,0,0,0,1,0,0,0
Dinolestidae,1,0,0,0,0,0,0,0,0,0,0
Dinopercidae,1,0,0,0,0,0,0,0,0,0,0
Diodontidae,1,1,1,1,1,0,0,1,1,1,0
Diplomystidae,1,1,1,0,0,0,0,0,0,0,0
Diretmidae,1,0,0,0,0,0,0,0,0,0,0
Distichodontidae,1,1,1,0,0,1,0,1,0,1,0
Doradidae,1,1,1,1,0,1,0,0,1,1,1
Draconettidae,0,1,1,0,0,0,0,1,1,0,0
Drepaneidae,1,0,1,0,0,0,0,1,0,0,0
Dussumieriidae,1,0,0,0,0,0,0,0,0,0,0
Echeneidae,1,0,0,0,0,1,0,0,0,0,0
Echinorhinidae,1,1,0,0,0,0,0,0,0,0,0
Elassomatidae,0,0,1,1,1,0,0,1,0,0,0
Electrophoridae,1,0,0,1,0,0,0,0,0,0,0
Eleginopsidae,1,0,0,0,0,0,0,0,0,0,0
Eleotridae,1,1,1,1,1,1,1,1,1,1,1
Ellopostomatidae,0,0,1,0,0,0,0,0,0,0,0
Elopidae,1,0,0,0,0,0,0,0,0,0,0
Embiotocidae,1,1,1,0,1,1,1,1,0,0,1
Emmelichthyidae,1,0,0,0,0,0,0,0,0,0,0
Engraulidae,1,1,0,0,0,1,0,0,0,0,1
Enoplosidae,0,0,0,0,0,0,0,1,0,0,0
Ephippidae,1,1,1,0,0,0,1,1,0,0,1
Epigonidae,1,1,0,0,0,0,0,0,0,0,0
Erethistidae,1,1,0,0,0,0,0,1,1,0,1
Ereuniidae,1,1,0,1,0,0,0,0,0,0,0
Erythrinidae,1,1,0,0,0,1,0,0,0,0,0
Esocidae,0,0,1,1,1,0,1,1,0,0,0
Etmopteridae,1,0,0,0,0,0,0,0,0,0,0
Eurypharyngidae,1,0,0,0,0,0,0,0,0,0,0
Evermannellidae,1,1,0,0,0,0,0,0,0,0,0
Exocoetidae,1,0,1,0,0,0,0,0,0,0,0
Fistulariidae,1,0,0,1,0,0,0,1,0,0,0
Fundulidae,1,1,1,1,1,1,0,1,0,1,0
Gadidae,1,1,1,0,1,1,0,1,1,1,0
Galaxiidae,1,1,1,1,1,1,0,1,0,1,0
Gasteropelecidae,1,1,1,0,1,1,0,0,0,0,0
Gasterosteidae,1,1,1,1,1,1,0,1,1,0,0
Gempylidae,1,1,0,0,0,0,0,0,0,0,0
Geotriidae,1,0,0,0,0,0,0,0,0,0,0
Gerreidae,1,1,1,0,0,1,0,1,1,1,0
Gibberichthyidae,1,0,0,0,0,0,0,0,0,0,1
Gigantactinidae,1,1,0,0,0,0,0,0,0,0,0
Giganthiidae,1,0,0,0,0,0,0,0,0,0,0
Ginglymostomatidae,1,0,0,0,0,0,0,0,0,0,0
Girellidae,1,0,0,0,0,0,0,1,0,0,0
Glaucosomatidae,1,0,1,0,0,1,0,1,0,0,0
Glaucostegidae,1,0,0,0,0,0,0,0,0,0,0
Gobiesocidae,1,1,1,1,1,1,0,1,1,1,0
Gobiidae,1,1,1,1,1,1,1,1,1,1,1
Gonorynchidae,1,0,0,0,0,0,0,0,0,1,1
Gonostomatidae,1,1,1,0,0,0,0,0,0,0,0
Goodeidae,1,1,1,0,0,1,0,1,0,0,1
Grammatidae,0,0,0,0,0,1,1,1,0,1,1
Grammicolepididae,0,0,1,0,0,0,0,1,0,0,0
Grammistidae,0,1,1,1,1,1,0,1,1,1,1
Gymnarchidae,1,0,0,0,0,0,0,0,0,0,0
Gymnotidae,1,0,1,0,1,0,1,0,0,0,0
Gymnuridae,1,1,1,1,0,0,0,0,0,0,0
Gyrinocheilidae,0,0,1,1,0,1,0,1,0,0,0
Haemulidae,1,1,1,1,1,1,1,1,1,1,1
Halosauridae,1,1,0,0,0,0,0,0,0,0,0
Hapalogenyidae,0,0,0,0,0,1,1,0,0,0,0
Harpadontidae,1,0,0,0,0,0,0,0,0,0,0
Harpagiferidae,0,1,0,0,0,0,0,0,1,0,0
Helostomatidae,1,0,0,0,0,0,0,0,0,0,0
Hemigaleidae,1,0,0,0,0,0,0,0,0,0,0
Hemiodontidae,1,1,0,0,0,1,0,0,1,1,0
Hemiramphidae,1,0,1,0,0,1,0,0,0,0,1
Hemiscylliidae,1,0,1,1,0,0,0,1,1,1,0
Hemitripteridae,0,1,1,1,1,0,0,0,1,0,0
Hepsetidae,1,0,0,0,0,0,0,0,0,0,0
Heptapteridae,1,1,1,0,0,1,0,0,1,0,1
Heterenchelyidae,1,0,0,0,0,0,0,0,0,0,0
Heterodontidae,0,1,1,1,1,0,1,1,1,0,0
Heteropneustidae,1,0,0,0,0,0,0,0,0,0,0
Hexagrammidae,1,1,1,1,1,0,0,1,1,1,0
Hexanchidae,1,0,1,0,0,0,0,0,0,0,0
Hexatrygonidae,1,0,0,0,0,0,0,0,0,0,0
Himantolophidae,1,0,0,0,0,0,0,0,0,0,0
Hiodontidae,1,0,0,0,0,1,0,0,0,0,0
Holocentridae,1,1,0,1,0,1,1,1,0,1,1
Hoplichthyidae,1,0,0,0,0,0,0,0,1,0,0
Howellidae,1,0,0,0,0,0,0,0,0,0,0
Hypnidae,1,0,0,0,0,0,0,0,0,0,0
Hypopomidae,1,1,1,0,1,1,0,1,0,0,0
Hypoptychidae,0,0,1,1,0,0,0,0,0,0,0
Icosteidae,0,0,1,0,1,0,0,0,0,0,0
Ictaluridae,1,1,1,1,0,0,0,1,1,1,1
Iguanodectidae,1,0,0,0,0,1,0,0,0,0,0
Indostomidae,0,1,0,1,0,0,0,1,0,0,0
Ipnopidae,1,1,0,0,0,0,0,0,1,0,0
Isonidae,1,0,0,0,0,1,0,0,0,0,0
Istiophoridae,1,1,0,1,0,0,0,1,0,0,0
Kneriidae,1,0,1,0,1,1,0,0,1,0,0
Kraemeriidae,0,0,0,1,0,1,0,0,0,0,0
Kryptoglanidae,1,0,0,0,0,0,0,0,0,0,0
Kuhliidae,1,0,1,0,0,1,0,0,0,0,0
Kurtidae,1,0,0,0,0,0,0,0,0,0,0
Kyphosidae,1,1,0,1,0,1,1,1,0,0,1
Labridae,1,1,1,1,1,1,1,1,1,1,1
Labrisomidae,1,1,1,1,1,1,0,1,1,1,1
Lacantuniidae,1,0,0,0,0,0,0,0,0,0,0
Lactariidae,1,0,0,0,0,0,0,0,0,0,0
Lamnidae,1,0,0,0,0,0,0,0,0,0,1
Lampridae,0,1,0,1,0,0,0,0,0,0,0
Lateolabracidae,1,0,1,0,0,0,0,0,0,0,0
Latidae,1,1,0,0,1,0,0,1,0,0,0
Latimeriidae,0,1,0,1,0,0,0,0,0,0,0
Latridae,1,1,0,0,0,1,0,0,0,0,0
Lebiasinidae,1,1,1,1,0,1,1,0,0,1,1
Leiognathidae,1,1,1,0,1,0,0,1,0,1,0
Lepidogalaxiidae,0,1,0,0,0,0,0,0,0,0,0
Lepidosirenidae,0,1,0,0,0,0,0,0,0,0,0
Lepisosteidae,1,0,1,0,1,1,1,0,0,0,0
Leptobramidae,1,0,0,0,0,0,0,0,0,0,0
Leptoscopidae,0,1,1,0,1,0,0,0,0,0,0
Lethrinidae,1,1,1,1,1,1,1,1,0,1,0
Linophrynidae,1,0,0,0,0,0,0,0,0,0,0
Liparidae,1,1,1,1,1,0,0,1,0,0,1
Lobotidae,1,1,1,0,0,0,0,0,0,0,0
Lophichthyidae,0,0,0,1,1,0,0,0,0,0,0
Lophiidae,0,1,0,0,0,0,0,0,0,0,0
Lophotidae,1,0,0,1,0,0,0,0,0,0,0
Loricariidae,1,1,1,1,1,1,1,1,1,1,1
Lotidae,1,1,1,1,1,1,0,0,0,0,0
Luciocephalidae,0,0,1,1,0,1,0,0,0,0,0
Lutjanidae,1,1,1,1,1,1,1,1,1,1,1
Luvaridae,1,0,0,0,0,0,0,0,0,0,0
Macroramphosidae,0,1,0,0,1,0,0,0,0,0,1
Macrouridae,1,1,1,0,0,0,0,0,1,0,1
Macrouroididae,1,0,0,0,0,0,0,0,0,0,0
Malacanthidae,1,1,0,1,1,1,0,1,0,1,1
Malapteruridae,0,0,1,0,0,0,0,0,0,0,0
Mastacembelidae,1,1,1,1,1,1,1,1,1,0,0
Megachasmidae,1,0,0,0,0,0,0,0,0,0,0
Megalopidae,1,0,0,0,0,0,0,0,0,0,0
Melamphaidae,1,0,0,0,0,0,0,0,0,0,0
Melanocetidae,1,0,0,0,0,0,0,0,0,0,0
Melanonidae,1,0,0,0,0,0,0,0,0,0,0
Melanostomiidae,1,0,0,0,0,0,0,0,0,0,0
Melanotaeniidae,1,1,1,0,0,1,0,1,0,0,0
Menidae,0,0,1,0,0,0,0,0,0,0,0
Merlucciidae,1,1,0,0,0,0,0,0,0,0,0
Microcanthidae,0,0,0,0,0,0,1,0,0,0,0
Microdesmidae,1,0,1,1,1,1,1,1,0,1,1
Microstomatidae,1,0,0,0,0,0,0,0,0,0,0
Mirapinnidae,1,0,0,0,0,1,0,0,0,0,0
Mitsukurinidae,1,0,0,0,0,0,0,0,0,0,0
Mobulidae,1,0,0,0,0,0,0,0,0,0,1
Mochokidae,1,1,1,1,1,1,0,1,1,1,1
Molidae,1,1,1,1,1,0,0,1,1,0,0
Monacanthidae,1,1,1,1,1,1,1,1,1,1,1
Monocentridae,0,0,0,1,0,0,0,0,0,0,0
Monodactylidae,1,0,0,0,0,0,1,1,0,0,1
Moridae,1,1,0,0,0,0,0,0,0,0,0
Moringuidae,1,0,0,0,0,1,0,0,0,0,0
Mormyridae,1,1,1,0,0,1,1,1,0,1,1
Moronidae,1,0,1,0,0,1,0,0,0,0,0
Mugilidae,1,1,0,1,0,1,0,0,0,0,0
Mullidae,1,1,1,1,0,1,1,1,1,1,1
Muraenesocidae,1,0,0,0,0,1,0,0,0,0,0
Muraenidae,1,1,1,1,1,1,0,1,0,1,0
Muraenolepididae,1,0,0,0,0,0,0,0,0,0,0
Myctophidae,1,1,0,0,0,0,0,0,0,0,0
Myliobatidae,1,1,0,1,1,0,0,1,0,0,1
Myrocongridae,1,0,0,0,0,1,0,0,0,0,0
Myxinidae,1,0,0,0,0,0,0,0,0,0,0
Nandidae,1,1,0,0,0,0,0,1,1,0,0
Narcinidae,1,0,1,1,1,0,0,0,0,1,0
Narkidae,1,1,1,1,0,0,0,0,0,0,1
Nemacheilidae,1,1,1,1,1,1,0,1,1,0,0
Nematistiidae,0,0,0,0,0,0,1,0,0,0,0
Nematogenyidae,0,0,1,0,0,0,0,0,0,0,0
Nemichthyidae,1,0,0,0,0,0,0,0,0,0,0
Nemipteridae,1,1,1,0,0,1,1,1,1,1,1
Neoceratodontidae,1,0,0,0,0,0,0,0,0,0,0
Neoscopelidae,1,0,1,0,0,0,0,0,0,0,0
Neosebastidae,0,1,1,0,0,0,0,0,1,1,0
Nettastomatidae,1,0,0,0,0,1,0,0,0,0,0
Nomeidae,1,1,1,0,1,0,0,0,1,0,0
Normanichthyidae,1,0,0,0,0,0,0,0,0,0,0
Notacanthidae,1,1,0,0,0,0,0,0,0,0,0
Nothobranchiidae,1,1,1,1,1,1,1,1,0,1,1
Notocheiridae,1,0,0,0,0,1,0,0,0,0,0
Notopteridae,1,0,1,1,1,0,0,1,0,1,0
Notosudidae,1,0,0,0,0,0,0,0,0,0,0
Nototheniidae,1,1,1,1,0,0,0,1,1,0,0
Odacidae,0,1,1,0,0,1,0,1,1,0,1
Odontaspididae,1,0,1,0,0,0,0,0,0,0,0
Odontobutidae,1,1,1,0,1,0,0,1,1,0,0
Ogcocephalidae,1,1,1,1,1,0,0,0,0,1,0
Olyridae,1,0,0,0,0,1,0,0,0,0,1
Omosudidae,1,0,0,0,0,0,0,0,0,0,0
Oneirodidae,1,1,0,0,0,0,0,0,0,0,0
Ophichthidae,1,1,1,1,1,1,0,1,1,0,1
Ophidiidae,1,1,1,1,1,1,1,1,0,0,0
Opisthoproctidae,1,0,0,1,0,0,0,0,0,0,1
Opistognathidae,1,1,1,1,1,1,0,1,1,1,1
Oplegnathidae,1,0,1,1,1,0,0,1,0,0,0
Orectolobidae,0,1,1,1,1,0,0,0,1,0,0
Oreosomatidae,1,0,0,0,0,0,0,0,0,0,0
Osmeridae,1,0,0,0,0,0,0,0,0,0,0
Osphronemidae,1,1,1,1,1,1,1,1,0,1,1
Osteoglossidae,1,0,1,0,0,0,0,0,0,0,0
Ostraciidae,0,1,1,1,1,1,0,0,0,0,1
Ostracoberycidae,1,0,0,0,0,0,0,0,0,0,0
Owstoniidae,1,0,0,0,0,0,0,0,0,0,0
Oxynotidae,1,0,0,0,0,0,0,0,0,0,0
Pangasiidae,1,0,0,0,0,0,0,0,0,1,0
Pantodontidae,1,0,0,0,0,0,0,0,0,0,0
Parabembridae,1,0,0,0,0,0,0,0,0,0,0
Paralepididae,1,0,1,0,0,1,0,0,0,0,0
Paralichthyidae,1,1,1,1,0,1,0,1,0,1,0
Parascorpididae,1,0,0,0,0,0,0,0,0,0,0
Parascylliidae,0,0,0,1,0,0,0,0,0,0,0
Paraulopidae,0,1,0,0,0,0,0,0,1,0,0
Parazenidae,1,0,0,0,0,0,0,0,0,0,0
Parodontidae,0,0,1,0,0,1,0,1,1,0,0
Pataecidae,1,0,1,0,0,0,0,0,0,0,0
Pegasidae,0,1,1,1,1,0,0,1,0,0,0
Pempheridae,1,0,1,0,0,0,0,0,0,0,0
Pentacerotidae,1,1,1,1,1,0,1,1,0,1,0
Percichthyidae,1,1,1,1,1,1,1,1,1,0,0
Percidae,1,1,1,0,1,1,1,1,1,0,1
Perciliidae,0,1,0,0,0,0,0,0,0,0,0
Percophidae,1,1,1,1,0,1,0,0,1,1,0
Percopsidae,0,0,1,0,0,0,0,0,0,0,0
Peristediidae,1,1,1,0,1,0,0,1,1,1,0
Petromyzontidae,1,1,0,0,0,0,0,0,0,0,1
Phallostethidae,1,0,0,0,0,0,0,0,0,0,0
Pholidae,1,1,1,1,1,0,0,0,1,0,0
Pholidichthyidae,0,0,0,0,1,1,0,0,0,0,0
Phosichthyidae,1,1,0,1,0,1,0,0,0,0,1
Phractolaemidae,1,0,0,0,0,0,0,0,0,0,0
Phycidae,1,1,1,1,0,0,0,0,0,0,0
Pimelodidae,1,1,1,0,1,1,1,1,1,1,1
Pinguipedidae,1,1,1,1,0,1,1,1,1,1,1
Platycephalidae,1,1,1,1,0,0,1,1,1,0,0
Platyrhinidae,1,0,0,1,0,0,0,0,0,0,0
Platytroctidae,1,0,0,0,0,0,0,0,0,0,0
Plecoglossidae,1,0,0,0,0,0,0,0,0,0,0
Plectrogeniidae,1,0,0,0,0,0,0,0,0,1,0
Plesiobatidae,1,0,0,0,0,0,0,0,0,0,0
Plesiopidae,1,1,1,1,0,1,0,1,0,1,1
Pleuronectidae,1,1,1,1,1,1,0,0,0,1,0
Plotosidae,1,1,1,0,0,1,0,0,0,0,0
Poeciliidae,1,1,1,1,1,1,0,1,0,1,1
Polycentridae,0,0,1,1,0,0,1,0,0,0,1
Polymixiidae,1,0,0,0,0,0,0,0,0,0,0
Polynemidae,1,1,1,0,0,1,0,0,1,1,1
Polyodontidae,1,0,0,0,0,0,0,0,0,0,0
Polyprionidae,1,1,1,0,0,0,0,0,0,0,0
Polypteridae,1,0,1,1,1,1,1,1,1,0,0
Pomacanthidae,1,0,1,1,1,1,1,1,0,1,1
Pomacentridae,1,1,1,1,1,1,1,1,1,1,1
Pomatomidae,1,0,0,0,0,0,0,0,0,0,0
Potamotrygonidae,1,0,1,1,1,0,0,0,0,0,0
Priacanthidae,1,1,1,0,0,0,0,1,1,0,0
Pristidae,1,0,0,0,0,0,0,0,0,0,0
Pristigasteridae,1,0,0,0,0,0,0,0,0,0,1
Pristiophoridae,1,0,0,0,0,0,0,0,0,0,0
Pristolepididae,1,0,0,0,0,0,0,1,0,0,0
Prochilodontidae,1,0,1,0,0,1,0,1,0,0,0
Profundulidae,1,0,1,1,1,1,0,0,0,0,0
Proscylliidae,0,0,1,0,0,0,0,0,0,0,0
Protanguillidae,1,0,0,0,0,0,0,0,0,0,0
Protopteridae,0,1,1,0,1,0,0,0,0,0,0
Psettodidae,1,0,0,1,0,0,0,0,0,0,0
Pseudaphritidae,0,0,1,0,0,1,0,0,0,0,0
Pseudocarchariidae,1,0,0,0,0,0,0,0,0,0,0
Pseudochromidae,1,1,1,1,1,1,1,1,0,1,1
Pseudogrammatidae,0,0,0,1,0,0,0,0,0,1,0
Pseudomugilidae,1,0,1,1,1,1,0,0,0,0,0
Pseudopimelodidae,0,1,1,0,0,0,0,1,1,0,0
Pseudoplesiopidae,1,0,0,0,0,0,0,0,0,0,0
Pseudotriakidae,1,0,0,0,0,0,0,0,0,0,0
Pseudotrichonotidae,0,0,1,0,0,1,0,1,0,0,0
Psilorhynchidae,0,1,1,0,0,1,0,0,1,0,0
Psychrolutidae,1,1,1,1,0,0,0,1,1,0,1
Pterothrissidae,1,0,0,0,0,0,0,0,0,0,0
Rachycentridae,0,0,0,0,0,1,0,0,0,0,0
Rajidae,1,1,1,1,1,0,0,1,0,1,0
Regalecidae,0,0,1,0,0,0,0,0,0,0,0
Retropinnidae,1,0,0,0,0,1,0,0,0,0,0
Rhamphichthyidae,0,1,0,0,1,1,1,0,0,0,0
Rhamphocottidae,0,0,0,0,1,0,0,1,0,0,0
Rhincodontidae,0,0,0,1,0,0,0,1,0,0,0
Rhinidae,0,0,0,1,0,0,0,0,0,0,0
Rhinobatidae,1,1,1,1,1,0,0,0,0,1,1
Rhinochimaeridae,1,0,0,0,0,0,0,0,0,0,0
Rhinopteridae,1,0,0,0,0,0,0,0,0,0,0
Rhyacichthyidae,1,1,1,0,1,0,0,0,1,0,0
Rivulidae,1,1,1,1,1,1,1,1,0,1,1
Rondeletiidae,1,0,0,0,0,0,0,0,0,0,0
Saccopharyngidae,1,0,0,0,0,0,0,0,0,0,0
Salangidae,1,0,0,0,0,0,0,0,0,0,0
Salmonidae,1,1,1,1,1,1,0,1,1,1,1
Samaridae,0,1,1,0,0,0,0,0,0,0,0
Scaridae,1,1,1,1,1,1,1,1,1,1,1
Scatophagidae,0,0,1,0,0,0,0,1,0,0,0
Schilbeidae,1,1,1,0,0,1,0,0,0,0,0
Schindleriidae,1,1,0,0,0,0,0,0,0,0,0
Sciaenidae,1,1,1,1,1,1,1,1,1,1,0
Scoloplacidae,0,1,0,0,0,0,0,0,0,0,0
Scomberesocidae,1,0,0,0,0,0,0,0,0,0,0
Scombridae,1,1,1,1,1,1,1,1,0,0,1
Scombrolabracidae,1,0,0,0,0,0,0,0,0,0,0
Scombropidae,1,0,0,0,0,0,0,0,0,0,0
Scopelarchidae,1,0,0,0,0,0,0,0,0,0,0
Scophthalmidae,1,1,1,1,0,0,0,0,0,1,0
Scorpaenidae,1,1,1,1,1,0,1,1,1,1,1
Scorpididae,0,0,0,0,0,1,0,0,0,0,0
Scyliorhinidae,1,1,1,1,1,1,0,1,1,0,0
Sebastidae,1,1,1,1,1,1,1,1,1,1,1
Serpenticobitidae,0,0,0,0,0,0,0,1,0,0,0
Serranidae,1,1,1,1,1,1,1,1,1,1,1
Serrasalmidae,1,1,1,0,0,0,0,1,0,1,1
Serrivomeridae,1,0,0,0,0,0,0,0,0,0,0
Setarchidae,1,0,1,0,0,0,0,0,0,0,0
Siganidae,1,1,1,1,1,1,1,1,1,1,1
Sillaginidae,1,0,1,0,1,1,1,0,0,0,0
Siluridae,1,1,0,0,1,1,0,0,0,1,0
Sisoridae,1,1,1,1,0,1,0,1,1,0,1
Soleidae,1,1,1,1,1,0,0,1,0,1,0
Solenostomidae,0,1,0,1,1,0,0,0,0,0,1
Somniosidae,1,0,0,0,0,0,0,0,0,0,0
Sparidae,1,1,0,1,0,1,0,1,0,1,1
Sphyraenidae,1,0,0,0,0,1,1,1,0,0,0
Sphyrnidae,1,0,0,0,0,0,0,0,0,0,0
Squalidae,1,0,0,0,0,0,0,0,0,0,0
Squatinidae,1,1,1,1,0,0,0,0,0,0,0
Stegostomatidae,0,0,1,0,1,0,0,1,0,0,0
Stephanoberycidae,1,1,0,0,0,0,0,0,0,0,0
Sternoptychidae,1,1,1,0,0,0,0,0,0,0,0
Sternopygidae,1,0,0,0,0,1,0,0,0,0,1
Stichaeidae,1,1,1,1,1,1,1,1,1,1,1
Stomiidae,1,1,1,0,0,0,0,1,0,0,0
Stromateidae,1,0,1,0,0,1,0,0,0,0,0
Symphysanodontidae,1,0,0,0,0,1,0,0,0,0,1
Synanceiidae,1,1,1,1,1,1,1,1,1,0,1
Synaphobranchidae,1,1,0,0,0,1,0,0,0,0,0
Synbranchidae,1,1,1,0,1,0,0,0,0,0,0
Syngnathidae,1,1,1,1,1,1,1,1,0,1,1
Synodontidae,1,1,1,1,1,1,0,1,1,0,0
Telmatherinidae,1,0,0,0,0,1,0,0,0,0,0
Terapontidae,1,1,1,0,0,1,1,1,1,1,0
Tetrabrachiidae,0,0,0,1,0,0,0,0,0,0,0
Tetragonuridae,0,1,0,0,0,0,0,0,0,0,0
Tetraodontidae,1,1,1,1,1,1,1,1,1,1,1
Tetrarogidae,1,1,1,0,1,0,0,1,1,0,0
Thaumatichthyidae,1,0,0,0,0,0,0,0,0,0,0
Torpedinidae,1,1,1,1,1,0,0,0,0,1,0
Toxotidae,0,0,1,0,1,0,1,0,1,0,0
Trachichthyidae,1,1,0,0,0,1,0,0,0,0,0
Trachinidae,1,0,1,1,1,1,1,0,0,1,0
Trachipteridae,1,1,1,0,0,0,0,1,0,1,0
Triacanthidae,1,0,1,0,1,0,0,0,0,0,1
Triacanthodidae,1,1,0,1,1,1,0,0,0,0,0
Triakidae,1,1,1,1,0,0,0,1,1,0,0
Trichiuridae,1,1,0,0,0,0,0,0,0,0,0
Trichodontidae,0,0,1,0,1,1,0,0,0,0,0
Trichomycteridae,1,1,1,1,1,1,0,0,1,1,0
Trichonotidae,1,0,1,1,0,1,0,1,0,0,0
Triglidae,1,1,1,1,1,1,1,1,1,1,0
Triodontidae,0,1,0,1,0,0,0,0,0,1,0
Triportheidae,1,0,1,0,0,1,0,0,0,0,0
Tripterygiidae,1,1,1,1,1,1,1,1,1,1,1
Umbridae,0,1,1,0,1,1,0,1,0,0,0
Uranoscopidae,1,1,1,1,1,1,0,1,1,1,0
Urolophidae,1,1,0,1,1,0,0,0,0,0,0
Urotrygonidae,1,1,1,1,1,0,0,0,0,0,0
Vaillantellidae,1,1,0,0,0,0,0,0,0,0,0
Valenciidae,0,0,0,0,0,0,0,1,0,0,0
Veliferidae,0,1,1,0,0,0,0,1,0,1,0
Xenisthmidae,1,1,0,0,0,0,0,1,1,1,1
Xiphiidae,1,1,0,0,0,0,0,0,0,0,0
Zanclidae,0,0,0,0,0,0,0,1,0,0,1
Zaproridae,1,0,0,0,0,0,0,0,0,0,0
Zeidae,1,0,1,0,1,0,0,0,0,1,0
Zenarchopteridae,1,0,0,0,0,1,0,0,0,0,0
Zeniontidae,1,1,0,0,0,0,0,0,0,0,0
Zoarcidae,1,1,1,1,1,0,0,1,1,1,1
